repo,node,link,path,title or task,content type,task priority,linktitle,description,weight,lines,word_count,h2_sections,h3_sections,code_blocks,snippets,images,internal_links,external_links,has_admonition,http_status,notes
user-guide,A00,"=HYPERLINK(""https://kubevirt.io/user-guide/index"",""link"")",index.md,Welcome,How-to,,,,,60,216,5,0,0,,0,1,4,,200,
user-guide,A01,"=HYPERLINK(""https://kubevirt.io/user-guide/architecture"",""link"")",architecture.md,Architecture,Explanation,,,,,469,1835,8,10,7,yaml,2,5,4,yes,200,
user-guide,A02,"=HYPERLINK(""https://kubevirt.io/user-guide/quickstarts"",""link"")",quickstarts.md,,How-to,,,,,20,37,1,0,0,,0,0,4,,200,
user-guide,A03-B00,"=HYPERLINK(""https://kubevirt.io/user-guide/cluster_admin/installation"",""link"")",cluster_admin/installation.md,Installation,How-to,,,,,261,1321,8,6,2,yaml,0,1,10,,200,
user-guide,A03-B01,"=HYPERLINK(""https://kubevirt.io/user-guide/cluster_admin/updating_and_deletion"",""link"")",cluster_admin/updating_and_deletion.md,Updating and deletion,How-to,,,,,178,865,3,0,5,yaml,0,0,0,yes,200,
user-guide,A03-B02,"=HYPERLINK(""https://kubevirt.io/user-guide/cluster_admin/activating_feature_gates"",""link"")",cluster_admin/activating_feature_gates.md,Activating and deactivating feature gates,How-to,,,,,99,213,3,0,6,bash yaml,0,0,2,yes,200,
user-guide,A03-B03,"=HYPERLINK(""https://kubevirt.io/user-guide/cluster_admin/annotations_and_labels"",""link"")",cluster_admin/annotations_and_labels.md,Annotations and labels,How-to,,,,,42,181,1,2,0,,0,0,1,,200,
user-guide,A03-B04,"=HYPERLINK(""https://kubevirt.io/user-guide/cluster_admin/api_validation"",""link"")",cluster_admin/api_validation.md,API Validation,Reference,,,,,73,431,1,4,2,,0,0,0,,200,
user-guide,A03-B05,"=HYPERLINK(""https://kubevirt.io/user-guide/cluster_admin/authorization"",""link"")",cluster_admin/authorization.md,Authorization,Reference,,,,,273,949,3,5,6,yaml,0,1,1,,200,
user-guide,A03-B06,"=HYPERLINK(""https://kubevirt.io/user-guide/cluster_admin/confidential_computing"",""link"")",cluster_admin/confidential_computing.md,Confidential computing,Tutorial,,,,,220,575,3,10,5,yaml,0,6,4,,200,
user-guide,A03-B07,"=HYPERLINK(""https://kubevirt.io/user-guide/cluster_admin/customize_components"",""link"")",cluster_admin/customize_components.md,,How-to,,,,,82,189,1,2,3,yaml,0,0,2,,200,
user-guide,A03-B08,"=HYPERLINK(""https://kubevirt.io/user-guide/cluster_admin/gitops"",""link"")",cluster_admin/gitops.md,Managing KubeVirt with GitOps,How-to,,,,,19,133,1,0,0,,0,0,3,,200,
user-guide,A03-B09,"=HYPERLINK(""https://kubevirt.io/user-guide/cluster_admin/ksm"",""link"")",cluster_admin/ksm.md,KSM Management,How-to,,,,,93,324,3,0,4,yaml,0,0,4,,200,
user-guide,A03-B10,"=HYPERLINK(""https://kubevirt.io/user-guide/cluster_admin/migration_policies"",""link"")",cluster_admin/migration_policies.md,Migration Policies,Explanation,,,,,170,685,3,1,5,yaml,0,1,2,,200,
user-guide,A03-B11,"=HYPERLINK(""https://kubevirt.io/user-guide/cluster_admin/node_maintenance"",""link"")",cluster_admin/node_maintenance.md,Node maintenance,How-to,,,,,165,797,6,2,1,yaml,0,1,0,,200,
user-guide,A03-B12,"=HYPERLINK(""https://kubevirt.io/user-guide/cluster_admin/scheduler"",""link"")",cluster_admin/scheduler.md,KubeVirt Scheduler,How-to,,,,,113,285,2,0,6,shell yaml,0,0,6,,200,
user-guide,A03-B13,"=HYPERLINK(""https://kubevirt.io/user-guide/cluster_admin/tekton_tasks"",""link"")",cluster_admin/tekton_tasks.md,KubeVirt Tekton,Tutorial,,,,,63,514,1,4,0,,0,1,11,yes,200,
user-guide,A03-B14,"=HYPERLINK(""https://kubevirt.io/user-guide/cluster_admin/unresponsive_nodes"",""link"")",cluster_admin/unresponsive_nodes.md,Unresponsive nodes,How-to,,,,,90,484,4,0,0,,0,0,0,,200,
user-guide,A03-B15,"=HYPERLINK(""https://kubevirt.io/user-guide/cluster_admin/device_status_on_arm64"",""link"")",cluster_admin/device_status_on_Arm64.md,Device Status on Arm64,Reference,,,,,25,161,0,0,0,,0,0,0,,404,
user-guide,A03-B16,"=HYPERLINK(""https://kubevirt.io/user-guide/cluster_admin/feature_gate_status_on_arm64"",""link"")",cluster_admin/feature_gate_status_on_Arm64.md,Feature Gate Status on Arm64,Reference,,,,,39,434,0,0,0,,0,0,0,,404,
user-guide,A03-B17,"=HYPERLINK(""https://kubevirt.io/user-guide/cluster_admin/operations_on_arm64"",""link"")",cluster_admin/operations_on_Arm64.md,Arm64 Operations,How-to,,,,,23,131,5,0,0,,0,0,0,,404,
user-guide,A03-B18,"=HYPERLINK(""https://kubevirt.io/user-guide/cluster_admin/virtual_machines_on_arm64"",""link"")",cluster_admin/virtual_machines_on_Arm64.md,Virtual Machines on Arm64,How-to,,,,,60,246,5,9,0,,0,0,0,,404,
user-guide,A04-B00,"=HYPERLINK(""https://kubevirt.io/user-guide/user_workloads/lifecycle"",""link"")",user_workloads/lifecycle.md,Lifecycle,How-to,,,,,85,404,6,0,0,,0,0,0,,200,
user-guide,A04-B01,"=HYPERLINK(""https://kubevirt.io/user-guide/user_workloads/basic_use"",""link"")",user_workloads/basic_use.md,Basic use,How-to,,,,,20,89,1,0,0,,0,0,0,,200,
user-guide,A04-B02,"=HYPERLINK(""https://kubevirt.io/user-guide/user_workloads/creating_vms"",""link"")",user_workloads/creating_vms.md,Creating VirtualMachines by using virtctl,Reference,,,,,488,1461,9,9,38,shell yaml,0,9,0,yes,200,
user-guide,A04-B03,"=HYPERLINK(""https://kubevirt.io/user-guide/user_workloads/creating_it_pref"",""link"")",user_workloads/creating_it_pref.md,Creating Instance Types and Preferences by using virtctl,How-to,,,,,93,355,2,2,8,shell,0,0,0,,200,
user-guide,A04-B04,"=HYPERLINK(""https://kubevirt.io/user-guide/user_workloads/virtctl_client_tool"",""link"")",user_workloads/virtctl_client_tool.md,Download and Install the virtctl Command Line Interface,How-to,,,,,55,172,2,0,1,,0,0,1,,200,
user-guide,A04-B05,"=HYPERLINK(""https://kubevirt.io/user-guide/user_workloads/accessing_virtual_machines"",""link"")",user_workloads/accessing_virtual_machines.md,Accessing Virtual Machines,How-to,,,,,407,1398,2,6,19,shell yaml,0,4,1,yes,200,
user-guide,A04-B06,"=HYPERLINK(""https://kubevirt.io/user-guide/user_workloads/boot_from_external_source"",""link"")",user_workloads/boot_from_external_source.md,Booting From External Source,How-to,,,,,134,429,2,0,3,dockerfile yaml,0,0,3,,200,
user-guide,A04-B07,"=HYPERLINK(""https://kubevirt.io/user-guide/user_workloads/startup_scripts"",""link"")",user_workloads/startup_scripts.md,Startup Scripts,How-to,,,,,1363,2572,6,11,12,bash yaml,0,1,15,,200,
user-guide,A04-B08,"=HYPERLINK(""https://kubevirt.io/user-guide/user_workloads/windows_virtio_drivers"",""link"")",user_workloads/windows_virtio_drivers.md,Windows virtio drivers,How-to,,,,,154,784,4,2,0,,10,11,3,,200,
user-guide,A04-B09,"=HYPERLINK(""https://kubevirt.io/user-guide/user_workloads/legacy_windows"",""link"")",user_workloads/legacy_windows.md,Running legacy Windows versions,How-to,,,,,38,101,1,0,1,yaml,0,0,0,,200,
user-guide,A04-B10,"=HYPERLINK(""https://kubevirt.io/user-guide/user_workloads/component_monitoring"",""link"")",user_workloads/component_monitoring.md,Component monitoring,Explanation,,,,,145,475,5,1,4,bash yaml,0,0,5,,200,
user-guide,A04-B11,"=HYPERLINK(""https://kubevirt.io/user-guide/user_workloads/guest_agent_information"",""link"")",user_workloads/guest_agent_information.md,Guest Agent information,Reference,,,,,155,369,2,0,5,json yaml,0,0,1,,200,
user-guide,A04-B12,"=HYPERLINK(""https://kubevirt.io/user-guide/user_workloads/guest_operating_system_information"",""link"")",user_workloads/guest_operating_system_information.md,Guest Operating System Information,How-to,,,,,212,287,1,2,6,bash yaml,0,1,2,,200,
user-guide,A04-B13,"=HYPERLINK(""https://kubevirt.io/user-guide/user_workloads/liveness_and_readiness_probes"",""link"")",user_workloads/liveness_and_readiness_probes.md,Liveness and Readiness Probes,How-to,,,,,369,863,6,0,8,bash sh yaml,0,0,2,,200,
user-guide,A04-B14,"=HYPERLINK(""https://kubevirt.io/user-guide/user_workloads/instancetypes"",""link"")",user_workloads/instancetypes.md,Instance types and preferences,Explanation,,,,,720,1773,11,7,20,sh shell yaml,0,10,38,,200,
user-guide,A04-B15,"=HYPERLINK(""https://kubevirt.io/user-guide/user_workloads/deploy_common_instancetypes"",""link"")",user_workloads/deploy_common_instancetypes.md,Deploy common-instancetypes,How-to,,,,,40,165,3,0,3,shell,0,1,8,,200,
user-guide,A04-B16,"=HYPERLINK(""https://kubevirt.io/user-guide/user_workloads/hook-sidecar"",""link"")",user_workloads/hook-sidecar.md,Hook Sidecar Container,Explanation,,,,,166,762,4,3,4,shell yaml,0,2,4,,200,
user-guide,A04-B17,"=HYPERLINK(""https://kubevirt.io/user-guide/user_workloads/presets"",""link"")",user_workloads/presets.md,Presets,How-to,,,,,547,919,8,6,20,console yaml,0,1,2,,200,
user-guide,A04-B18,"=HYPERLINK(""https://kubevirt.io/user-guide/user_workloads/vm_templates"",""link"")",user_workloads/vm_templates.md,VirtualMachine Templates,Explanation,,,,,431,1277,8,18,15,shell yaml,0,6,0,yes,200,
user-guide,A04-B19,"=HYPERLINK(""https://kubevirt.io/user-guide/user_workloads/templates"",""link"")",user_workloads/templates.md,Templates,Explanation,,,,,783,1373,7,8,26,console yaml,0,3,7,yes,200,
user-guide,A04-B20,"=HYPERLINK(""https://kubevirt.io/user-guide/user_workloads/pool"",""link"")",user_workloads/pool.md,VirtualMachinePool,How-to,,,,,273,909,4,4,3,yaml,0,0,2,,200,
user-guide,A04-B21,"=HYPERLINK(""https://kubevirt.io/user-guide/user_workloads/replicaset"",""link"")",user_workloads/replicaset.md,VirtualMachineInstanceReplicaSet,How-to,,,,,240,930,3,4,2,yaml,0,2,1,,200,
user-guide,A04-B22,"=HYPERLINK(""https://kubevirt.io/user-guide/user_workloads/virtual_machine_instances"",""link"")",user_workloads/virtual_machine_instances.md,Virtual Machines Instances,Reference,,,,,81,181,3,0,1,yaml,0,4,0,,200,
user-guide,A04-B23,"=HYPERLINK(""https://kubevirt.io/user-guide/user_workloads/vm_rollout_strategies"",""link"")",user_workloads/vm_rollout_strategies.md,VM Rollout Strategies,Reference,,,,,50,325,4,0,2,yaml,0,1,0,,200,
user-guide,A05-B00,"=HYPERLINK(""https://kubevirt.io/user-guide/compute/client_passthrough"",""link"")",compute/client_passthrough.md,Client Passthrough,How-to,,,,,71,265,1,3,4,shell yaml,0,0,0,,200,
user-guide,A05-B01,"=HYPERLINK(""https://kubevirt.io/user-guide/compute/cpu_hotplug"",""link"")",compute/cpu_hotplug.md,CPU Hotplug,How-to,,,,,205,650,3,5,10,yaml,0,1,0,,200,
user-guide,A05-B02,"=HYPERLINK(""https://kubevirt.io/user-guide/compute/dedicated_cpu_resources"",""link"")",compute/dedicated_cpu_resources.md,Dedicated CPU resources,How-to,,,,,191,835,5,1,5,yaml,0,2,7,,200,
user-guide,A05-B03,"=HYPERLINK(""https://kubevirt.io/user-guide/compute/host-devices"",""link"")",compute/host-devices.md,Host Devices Assignment,How-to,,,,,268,956,7,4,12,yaml,0,2,1,,200,
user-guide,A05-B04,"=HYPERLINK(""https://kubevirt.io/user-guide/compute/hugepages"",""link"")",compute/hugepages.md,Hugepages support,Tutorial,,,,,20,71,2,0,0,,0,0,0,,200,
user-guide,A05-B05,"=HYPERLINK(""https://kubevirt.io/user-guide/compute/live_migration"",""link"")",compute/live_migration.md,Live Migration,Reference,,,,,452,2121,10,13,13,console yaml,0,3,2,,200,
user-guide,A05-B06,"=HYPERLINK(""https://kubevirt.io/user-guide/compute/decentralized_live_migration"",""link"")",compute/decentralized_live_migration.md,Decentralized live migration,Explanation,,,,,249,1557,8,3,6,yaml,2,6,2,,200,
user-guide,A05-B07,"=HYPERLINK(""https://kubevirt.io/user-guide/compute/mediated_devices_configuration"",""link"")",compute/mediated_devices_configuration.md,Mediated devices and virtual GPUs,How-to,,,,,145,689,5,3,4,yaml,0,1,0,,200,
user-guide,A05-B08,"=HYPERLINK(""https://kubevirt.io/user-guide/compute/memory_hotplug"",""link"")",compute/memory_hotplug.md,Memory Hotplug,How-to,,,,,132,338,2,3,10,json sh yaml,0,1,0,,200,
user-guide,A05-B09,"=HYPERLINK(""https://kubevirt.io/user-guide/compute/node_assignment"",""link"")",compute/node_assignment.md,Node assignment,How-to,,,,,178,495,5,0,4,console yaml,0,2,1,,200,
user-guide,A05-B10,"=HYPERLINK(""https://kubevirt.io/user-guide/compute/node_overcommit"",""link"")",compute/node_overcommit.md,Node overcommit,How-to,,,,,253,1379,9,2,4,yaml,0,1,3,,200,
user-guide,A05-B11,"=HYPERLINK(""https://kubevirt.io/user-guide/compute/numa"",""link"")",compute/numa.md,NUMA,Explanation,,,,,261,1049,4,7,7,bash yaml,0,8,6,,200,
user-guide,A05-B12,"=HYPERLINK(""https://kubevirt.io/user-guide/compute/persistent_tpm_and_uefi_state"",""link"")",compute/persistent_tpm_and_uefi_state.md,Persistent TPM and UEFI state,How-to,,,,,104,682,3,5,3,yaml,0,0,1,,200,
user-guide,A05-B13,"=HYPERLINK(""https://kubevirt.io/user-guide/compute/resources_requests_and_limits"",""link"")",compute/resources_requests_and_limits.md,Resources requests and limits,How-to,,,,,86,581,2,6,2,yaml,0,2,0,,200,
user-guide,A05-B14,"=HYPERLINK(""https://kubevirt.io/user-guide/compute/run_strategies"",""link"")",compute/run_strategies.md,Run Strategies,Explanation,,,,,138,483,3,2,1,yaml,0,0,0,,200,
user-guide,A05-B15,"=HYPERLINK(""https://kubevirt.io/user-guide/compute/virtual_hardware"",""link"")",compute/virtual_hardware.md,Virtual hardware,Reference,,,,,817,2288,3,13,19,bash yaml,0,0,4,,200,
user-guide,A05-B16,"=HYPERLINK(""https://kubevirt.io/user-guide/compute/memory_dump"",""link"")",compute/memory_dump.md,Virtual machine memory dump,Tutorial,,,,,114,655,3,5,8,bash yaml,0,1,2,,200,
user-guide,A05-B17,"=HYPERLINK(""https://kubevirt.io/user-guide/compute/vsock"",""link"")",compute/vsock.md,VSOCK,Explanation,,,,,85,405,3,2,4,yaml,0,0,1,,200,
user-guide,A06-B00,"=HYPERLINK(""https://kubevirt.io/user-guide/network/dns"",""link"")",network/dns.md,DNS records,How-to,,,,,87,291,0,0,1,yaml,0,0,0,,200,
user-guide,A06-B01,"=HYPERLINK(""https://kubevirt.io/user-guide/network/interfaces_and_networks"",""link"")",network/interfaces_and_networks.md,Interfaces and Networks,Reference,,,,,896,3731,5,13,19,yaml,0,6,19,yes,200,
user-guide,A06-B02,"=HYPERLINK(""https://kubevirt.io/user-guide/network/istio_service_mesh"",""link"")",network/istio_service_mesh.md,Istio service mesh,Tutorial,,,,,143,321,5,3,7,shell yaml,0,1,5,,200,
user-guide,A06-B03,"=HYPERLINK(""https://kubevirt.io/user-guide/network/network_binding_plugins"",""link"")",network/network_binding_plugins.md,Network Binding Plugins,Explanation,,,,,307,1200,2,6,4,shell yaml,0,8,5,,200,
user-guide,A06-B04,"=HYPERLINK(""https://kubevirt.io/user-guide/network/networkpolicy"",""link"")",network/networkpolicy.md,NetworkPolicy,How-to,,,,,85,224,4,0,4,yaml,0,0,0,,200,
user-guide,A06-B05,"=HYPERLINK(""https://kubevirt.io/user-guide/network/service_objects"",""link"")",network/service_objects.md,Service objects,How-to,,,,,192,655,4,0,4,yaml,0,0,2,,200,
user-guide,A06-B06-C00,"=HYPERLINK(""https://kubevirt.io/user-guide/network/hotplug/interfaces"",""link"")",network/hotplug/interfaces.md,Hotplug Network Interfaces,How-to,,,,,335,979,5,3,11,bash yaml,0,5,11,,200,
user-guide,A06-B06-C01,"=HYPERLINK(""https://kubevirt.io/user-guide/network/hotplug/nad_reference"",""link"")",network/hotplug/nad_reference.md,Live update NAD Reference,Reference,,,,,105,297,3,0,4,yaml,0,2,2,,200,
user-guide,A07-B00,"=HYPERLINK(""https://kubevirt.io/user-guide/storage/clone_api"",""link"")",storage/clone_api.md,Clone API,Reference,,,,,238,1046,2,7,6,bash yaml,0,4,0,,200,
user-guide,A07-B01,"=HYPERLINK(""https://kubevirt.io/user-guide/storage/containerized_data_importer"",""link"")",storage/containerized_data_importer.md,Containerized Data Importer,How-to,,,,,294,1348,8,2,1,shell,0,0,9,yes,200,
user-guide,A07-B02,"=HYPERLINK(""https://kubevirt.io/user-guide/storage/csi_overlay"",""link"")",storage/csi_overlay.md,CSI Overlay for VM State PVCs,How-to,,,,,135,634,4,0,11,bash yaml,0,0,2,yes,200,
user-guide,A07-B03,"=HYPERLINK(""https://kubevirt.io/user-guide/storage/disks_and_volumes"",""link"")",storage/disks_and_volumes.md,"Filesystems, Disks and Volumes",How-to,,,,,2161,5541,4,23,49,bash shell xml yaml,0,26,16,,200,
user-guide,A07-B04,"=HYPERLINK(""https://kubevirt.io/user-guide/storage/export_api"",""link"")",storage/export_api.md,Export API,Reference,,,,,649,2096,0,9,24,bash sh yaml,0,1,1,,200,
user-guide,A07-B05,"=HYPERLINK(""https://kubevirt.io/user-guide/storage/guestfs"",""link"")",storage/guestfs.md,Usage of libguestfs-tools and virtctl guestfs,How-to,,,,,167,421,2,0,7,`bash bash,0,0,3,,200,
user-guide,A07-B06,"=HYPERLINK(""https://kubevirt.io/user-guide/storage/hotplug_volumes"",""link"")",storage/hotplug_volumes.md,Hotplug Volumes,How-to,,,,,241,747,5,12,9,bash yaml,0,4,1,,200,
user-guide,A07-B07,"=HYPERLINK(""https://kubevirt.io/user-guide/storage/migration_controller"",""link"")",storage/migration_controller.md,KubeVirt Migration Controller,Tutorial,,,,,148,132,6,0,7,shell yaml,0,1,1,,200,
user-guide,A07-B08,"=HYPERLINK(""https://kubevirt.io/user-guide/storage/snapshot_restore_api"",""link"")",storage/snapshot_restore_api.md,Snapshot Restore API,Reference,,,,,239,1658,9,2,8,bash yaml,0,1,3,,200,
user-guide,A07-B09,"=HYPERLINK(""https://kubevirt.io/user-guide/storage/volume_migration"",""link"")",storage/volume_migration.md,Update volume strategy and volume migration,How-to,,,,,331,1257,6,3,12,bash diff sh yaml,0,0,1,,200,
user-guide,A08,"=HYPERLINK(""https://kubevirt.io/user-guide/release_notes"",""link"")",release_notes.md,KubeVirt release notes,Reference,,,,,2867,26900,149,79,0,,0,0,716,,200,
user-guide,A09,"=HYPERLINK(""https://kubevirt.io/user-guide/contributing"",""link"")",contributing.md,Contributing,Tutorial,,,,,68,592,4,3,0,,0,1,27,,200,
user-guide,A10-B00,"=HYPERLINK(""https://kubevirt.io/user-guide/debug_virt_stack/debug"",""link"")",debug_virt_stack/debug.md,Debug,How-to,,,,,221,482,2,6,11,bash yaml,0,0,1,,200,
user-guide,A10-B01,"=HYPERLINK(""https://kubevirt.io/user-guide/debug_virt_stack/logging"",""link"")",debug_virt_stack/logging.md,Control libvirt logging for each component,How-to,,,,,81,159,0,0,4,console yaml,0,0,2,,200,
user-guide,A10-B02,"=HYPERLINK(""https://kubevirt.io/user-guide/debug_virt_stack/privileged-node-debugging"",""link"")",debug_virt_stack/privileged-node-debugging.md,Privileged debugging on the node,How-to,,,,,225,640,1,4,12,console dockerfile yaml,0,0,4,,200,
user-guide,A10-B03,"=HYPERLINK(""https://kubevirt.io/user-guide/debug_virt_stack/virsh-commands"",""link"")",debug_virt_stack/virsh-commands.md,Execute virsh commands in virt-launcher pod,How-to,,,,,61,104,0,0,4,console,0,0,2,,200,
user-guide,A10-B04,"=HYPERLINK(""https://kubevirt.io/user-guide/debug_virt_stack/launch-qemu-strace"",""link"")",debug_virt_stack/launch-qemu-strace.md,Launch QEMU with strace,How-to,,,,,203,860,3,0,9,bash console dockerfile yaml,1,0,10,,200,
user-guide,A10-B05,"=HYPERLINK(""https://kubevirt.io/user-guide/debug_virt_stack/launch-qemu-gdb"",""link"")",debug_virt_stack/launch-qemu-gdb.md,Launch QEMU with gdb and connect locally with gdb client,How-to,,,,,186,428,2,1,14,bash console dockerfile yaml,0,2,1,,200,
user-guide,,"=HYPERLINK(""https://kubevirt.io/user-guide/compute/windows_virtio_drivers"",""link"")",compute/windows_virtio_drivers.md,Windows virtio drivers,How-to,,,,,154,784,4,2,0,,10,11,3,,200,
user-guide,,"=HYPERLINK(""https://kubevirt.io/user-guide/network/net_binding_plugins/macvtap"",""link"")",network/net_binding_plugins/macvtap.md,Macvtap binding,Reference,,,,,221,622,2,6,5,yaml,0,3,8,,200,
user-guide,,"=HYPERLINK(""https://kubevirt.io/user-guide/network/net_binding_plugins/passt"",""link"")",network/net_binding_plugins/passt.md,Passt binding,Reference,,,,,273,815,2,7,4,yaml,0,6,6,yes,200,
user-guide,,"=HYPERLINK(""https://kubevirt.io/user-guide/network/net_binding_plugins/slirp"",""link"")",network/net_binding_plugins/slirp.md,Slirp,Explanation,,,,,105,239,2,3,2,yaml,0,4,1,,200,
